,State,Code,Count,#ofApplicants,#ofGrantees,ConversionRate,%ofApplicants,%ofGrantees,PatentCategory,PatentCategory%
0,Alabama,AL,42178180,10572.0,8992.0,85.0548618993568,0.025065092898745277,0.02131908014997328,Chemical Grantee,0.02832229999999999
1,Alaska,AK,6408880,1035.0,847.0,81.83574879227054,0.01614946761368601,0.01321603774762517,Chemical Grantee,0.010159600000000001
2,Arizona,AZ,49827590,42810.0,35747.0,83.5015183368372,0.08591625643544068,0.07174137862176357,Chemical Grantee,0.06318169999999997
3,Arkansas,AR,25234430,4843.0,3932.0,81.18934544703697,0.019192032473093312,0.015581885542887239,Chemical Grantee,0.016106399999999993
4,California,CA,325561500,522238.0,444906.0,85.19219206568653,0.16041147371541167,0.13665805078303178,Chemical Grantee,0.12205980000000005
5,Colorado,CO,46262210,53910.0,44420.0,82.39658690409942,0.11653139787312365,0.09601789451909021,Chemical Grantee,0.08854009999999997
6,Connecticut,CT,34732300,52248.0,41252.0,78.95421834328586,0.15043057902874268,0.11877128782142271,Chemical Grantee,0.19292500000000012
7,Delaware,DE,8317030,11101.0,8621.0,77.65967029997297,0.13347312682532106,0.10365479023160913,Chemical Grantee,0.4198300000000002
8,District of Columbia,DC,5283940,2728.0,1871.0,68.58504398826979,0.05162814112196581,0.03540918329882625,Chemical Grantee,0.03816440000000001
9,Florida,FL,169018300,67087.0,54657.0,81.47182017380416,0.03969215167825023,0.032337918438417615,Chemical Grantee,0.031545139999999965
10,Georgia,GA,82197590,44126.0,34957.0,79.22086751575034,0.05368283911973575,0.04252801085773926,Chemical Grantee,0.05486838000000003
11,Hawaii,HI,12794030,2674.0,1996.0,74.64472700074795,0.02090037306462467,0.015601026416226944,Chemical Grantee,0.013511600000000004
12,Idaho,ID,13437930,15340.0,13402.0,87.36636245110822,0.1141544865913128,0.09973262250956806,Chemical Grantee,0.10512410000000014
13,Illinois,IL,121544440,104432.0,85496.0,81.86762678106328,0.08592083685605034,0.07034135004447756,Chemical Grantee,0.09149441000000007
14,Indiana,IN,61772650,41912.0,34439.0,82.16978430998282,0.06784879716185076,0.055751210284810504,Chemical Grantee,0.06555190000000002
15,Iowa,IA,29443520,17662.0,15792.0,89.41229758804212,0.059986034278510174,0.05363489148036647,Chemical Grantee,0.046619199999999965
16,Kansas,KS,26810170,12402.0,11316.0,91.24334784712144,0.04625856531308828,0.042207863657709,Chemical Grantee,0.0406581
17,Kentucky,KY,39051410,14431.0,11826.0,81.94858291178713,0.036953851346212596,0.030283157509549588,Chemical Grantee,0.03999150000000003
18,Louisiana,LA,39131630,9137.0,7635.0,83.56134398599102,0.023349397916723632,0.019511070711851257,Chemical Grantee,0.045406300000000004
19,Maine,ME,13310980,4895.0,3779.0,77.20122574055158,0.03677415186560268,0.028390095995937187,Chemical Grantee,0.036466600000000016
20,Maryland,MD,54919690,46140.0,35096.0,76.06415257910707,0.08401358419903682,0.06390422087233195,Chemical Grantee,0.08238600000000003
21,Massachusetts,MA,63522480,133595.0,104002.0,77.84872188330402,0.21031137323353874,0.16372471603753508,Chemical Grantee,0.20554150000000004
22,Michigan,MI,96932190,105860.0,88904.0,83.98261855280559,0.10921036654593277,0.09171772555639153,Chemical Grantee,0.0885664300000001
23,Minnesota,MN,51704680,84097.0,67370.0,80.10987312270355,0.16264871961300215,0.13029768291767788,Chemical Grantee,0.1504575000000002
24,Mississippi,MS,25023530,4160.0,3393.0,81.5625,0.01662435315880693,0.013559238045151903,Chemical Grantee,0.024584400000000024
25,Missouri,MO,55837550,25478.0,17732.0,69.59729963105424,0.04562879281057281,0.0317564076504073,Chemical Grantee,0.04518200000000001
26,Montana,MT,9482230,3532.0,2733.0,77.37825594563986,0.037248621895904235,0.02882233398683643,Chemical Grantee,0.04403950000000004
27,Nebraska,NE,17392120,5732.0,4918.0,85.79902302861132,0.03295745429539355,0.02827717380054875,Chemical Grantee,0.02823309999999998
28,Nevada,NV,22791100,11026.0,8515.0,77.22655541447487,0.04837853372588422,0.0373610751565304,Chemical Grantee,0.0275378
29,New Hampshire,NH,13735650,18961.0,15646.0,82.51674489742102,0.13804224772762846,0.11390796940807316,Chemical Grantee,0.10053089999999988
30,New Jersey,NJ,86379550,102578.0,82078.0,80.01520793932421,0.11875264457849109,0.09502017549292628,Chemical Grantee,0.16525220000000027
31,New Mexico,NM,17174440,10085.0,9128.0,90.5106593951413,0.058720983042241846,0.053148748954842194,Chemical Grantee,0.10103869999999994
32,New York,NY,176144920,156411.0,129000.0,82.47501774171894,0.08879677029573149,0.07323515205547795,Chemical Grantee,0.10485172000000005
33,North Carolina,NC,83243880,62320.0,50293.0,80.70121951219512,0.07486436240117592,0.06041645343777825,Chemical Grantee,0.06231280999999997
34,North Dakota,ND,6551100,2295.0,1878.0,81.83006535947712,0.035032284654485504,0.028666941429683564,Chemical Grantee,0.036772099999999995
35,Ohio,OH,112500330,89188.0,75749.0,84.9318293940889,0.07927798967345251,0.0673322469365201,Chemical Grantee,0.11729048000000004
36,Oklahoma,OK,32869340,12127.0,10490.0,86.50119567906324,0.03689456496540545,0.031914239835664486,Chemical Grantee,0.06241280000000002
37,Oregon,OR,35467090,41836.0,35845.0,85.67979730375754,0.11795723866829784,0.10106552299610709,Chemical Grantee,0.07263270000000008
38,Pennsylvania,PA,123951460,97902.0,77870.0,79.53872239586526,0.07898414427712266,0.0628229792533303,Chemical Grantee,0.11419006000000007
39,Rhode Island,RI,10144350,7666.0,6508.0,84.89433863814246,0.07556915918713372,0.06415393790632225,Chemical Grantee,0.06729619999999994
40,South Carolina,SC,40072000,18242.0,14516.0,79.57460804736323,0.04552305849470953,0.03622479536833699,Chemical Grantee,0.06748519999999995
41,South Dakota,SD,7770970,2284.0,1888.0,82.66199649737302,0.029391440193437885,0.024295551263227112,Chemical Grantee,0.013911799999999993
42,Tennessee,TN,57688840,24000.0,19547.0,81.44583333333333,0.04160250058763532,0.03388350329110448,Chemical Grantee,0.05756879999999992
43,Texas,TX,207811640,160106.0,131476.0,82.11809676089591,0.07704380755572691,0.06326690843689026,Chemical Grantee,0.07160926999999999
44,Utah,UT,22153580,23764.0,18344.0,77.19239185322337,0.10726934427753888,0.08280377257310105,Chemical Grantee,0.09209009999999994
45,Vermont,VT,6438820,9426.0,8402.0,89.13643114788881,0.14639328324133927,0.13048974812155023,Chemical Grantee,0.09093250000000001
46,Virginia,VA,75175850,38807.0,30907.0,79.64284793980467,0.05162163114883304,0.041112937199911936,Chemical Grantee,0.04780364999999999
47,Washington,WA,63082250,100850.0,82177.0,81.48438274665345,0.159870645070523,0.13026960832880882,Chemical Grantee,0.06764620000000003
48,West Virginia,WV,16979390,3613.0,2906.0,80.43177414890673,0.021278738517697043,0.017114866906290507,Chemical Grantee,0.06093420000000008
49,Wisconsin,WI,56197100,53314.0,46160.0,86.58138575233522,0.094869664092987,0.08213946983029373,Chemical Grantee,0.10859629999999995
50,Wyoming,WY,5375670,1922.0,1516.0,78.87617065556711,0.03575368279674906,0.02820113585841393,Chemical Grantee,0.044548500000000005
51,Alabama,AL,42178180,10572.0,8992.0,85.0548618993568,0.025065092898745277,0.02131908014997328,Computers and Communications Grantee,0.03957610000000005
52,Alaska,AK,6408880,1035.0,847.0,81.83574879227054,0.01614946761368601,0.01321603774762517,Computers and Communications Grantee,0.012306300000000003
53,Arizona,AZ,49827590,42810.0,35747.0,83.5015183368372,0.08591625643544068,0.07174137862176357,Computers and Communications Grantee,0.18455869999999977
54,Arkansas,AR,25234430,4843.0,3932.0,81.18934544703697,0.019192032473093312,0.015581885542887239,Computers and Communications Grantee,0.013662899999999993
55,California,CA,325561500,522238.0,444906.0,85.19219206568653,0.16041147371541167,0.13665805078303178,Computers and Communications Grantee,0.43651293000000035
56,Colorado,CO,46262210,53910.0,44420.0,82.39658690409942,0.11653139787312365,0.09601789451909021,Computers and Communications Grantee,0.30062560000000005
57,Connecticut,CT,34732300,52248.0,41252.0,78.95421834328586,0.15043057902874268,0.11877128782142271,Computers and Communications Grantee,0.17058220000000007
58,Delaware,DE,8317030,11101.0,8621.0,77.65967029997297,0.13347312682532106,0.10365479023160913,Computers and Communications Grantee,0.06658870000000001
59,District of Columbia,DC,5283940,2728.0,1871.0,68.58504398826979,0.05162814112196581,0.03540918329882625,Computers and Communications Grantee,0.11651760000000007
60,Florida,FL,169018300,67087.0,54657.0,81.47182017380416,0.03969215167825023,0.032337918438417615,Computers and Communications Grantee,0.06861776999999997
61,Georgia,GA,82197590,44126.0,34957.0,79.22086751575034,0.05368283911973575,0.04252801085773926,Computers and Communications Grantee,0.09725835000000006
62,Hawaii,HI,12794030,2674.0,1996.0,74.64472700074795,0.02090037306462467,0.015601026416226944,Computers and Communications Grantee,0.031060400000000002
63,Idaho,ID,13437930,15340.0,13402.0,87.36636245110822,0.1141544865913128,0.09973262250956806,Computers and Communications Grantee,0.2683762999999999
64,Illinois,IL,121544440,104432.0,85496.0,81.86762678106328,0.08592083685605034,0.07034135004447756,Computers and Communications Grantee,0.13046686999999998
65,Indiana,IN,61772650,41912.0,34439.0,82.16978430998282,0.06784879716185076,0.055751210284810504,Computers and Communications Grantee,0.05307409999999993
66,Iowa,IA,29443520,17662.0,15792.0,89.41229758804212,0.059986034278510174,0.05363489148036647,Computers and Communications Grantee,0.08305110000000002
67,Kansas,KS,26810170,12402.0,11316.0,91.24334784712144,0.04625856531308828,0.042207863657709,Computers and Communications Grantee,0.1128504000000001
68,Kentucky,KY,39051410,14431.0,11826.0,81.94858291178713,0.036953851346212596,0.030283157509549588,Computers and Communications Grantee,0.05327739999999997
69,Louisiana,LA,39131630,9137.0,7635.0,83.56134398599102,0.023349397916723632,0.019511070711851257,Computers and Communications Grantee,0.012900400000000006
70,Maine,ME,13310980,4895.0,3779.0,77.20122574055158,0.03677415186560268,0.028390095995937187,Computers and Communications Grantee,0.03594780000000003
71,Maryland,MD,54919690,46140.0,35096.0,76.06415257910707,0.08401358419903682,0.06390422087233195,Computers and Communications Grantee,0.13374360000000016
72,Massachusetts,MA,63522480,133595.0,104002.0,77.84872188330402,0.21031137323353874,0.16372471603753508,Computers and Communications Grantee,0.3972497000000006
73,Michigan,MI,96932190,105860.0,88904.0,83.98261855280559,0.10921036654593277,0.09171772555639153,Computers and Communications Grantee,0.11533539999999996
74,Minnesota,MN,51704680,84097.0,67370.0,80.10987312270355,0.16264871961300215,0.13029768291767788,Computers and Communications Grantee,0.24928520000000018
75,Mississippi,MS,25023530,4160.0,3393.0,81.5625,0.01662435315880693,0.013559238045151903,Computers and Communications Grantee,0.011295
76,Missouri,MO,55837550,25478.0,17732.0,69.59729963105424,0.04562879281057281,0.0317564076504073,Computers and Communications Grantee,0.041539100000000016
77,Montana,MT,9482230,3532.0,2733.0,77.37825594563986,0.037248621895904235,0.02882233398683643,Computers and Communications Grantee,0.030910600000000003
78,Nebraska,NE,17392120,5732.0,4918.0,85.79902302861132,0.03295745429539355,0.02827717380054875,Computers and Communications Grantee,0.04348680000000003
79,Nevada,NV,22791100,11026.0,8515.0,77.22655541447487,0.04837853372588422,0.0373610751565304,Computers and Communications Grantee,0.05907919999999998
80,New Hampshire,NH,13735650,18961.0,15646.0,82.51674489742102,0.13804224772762846,0.11390796940807316,Computers and Communications Grantee,0.27437490000000025
81,New Jersey,NJ,86379550,102578.0,82078.0,80.01520793932421,0.11875264457849109,0.09502017549292628,Computers and Communications Grantee,0.2250815999999999
82,New Mexico,NM,17174440,10085.0,9128.0,90.5106593951413,0.058720983042241846,0.053148748954842194,Computers and Communications Grantee,0.09207269999999997
83,New York,NY,176144920,156411.0,129000.0,82.47501774171894,0.08879677029573149,0.07323515205547795,Computers and Communications Grantee,0.17618060999999985
84,North Carolina,NC,83243880,62320.0,50293.0,80.70121951219512,0.07486436240117592,0.06041645343777825,Computers and Communications Grantee,0.16025848000000006
85,North Dakota,ND,6551100,2295.0,1878.0,81.83006535947712,0.035032284654485504,0.028666941429683564,Computers and Communications Grantee,0.03429280000000002
86,Ohio,OH,112500330,89188.0,75749.0,84.9318293940889,0.07927798967345251,0.0673322469365201,Computers and Communications Grantee,0.05694991000000005
87,Oklahoma,OK,32869340,12127.0,10490.0,86.50119567906324,0.03689456496540545,0.031914239835664486,Computers and Communications Grantee,0.031844200000000045
88,Oregon,OR,35467090,41836.0,35845.0,85.67979730375754,0.11795723866829784,0.10106552299610709,Computers and Communications Grantee,0.3371677000000001
89,Pennsylvania,PA,123951460,97902.0,77870.0,79.53872239586526,0.07898414427712266,0.0628229792533303,Computers and Communications Grantee,0.0826358
90,Rhode Island,RI,10144350,7666.0,6508.0,84.89433863814246,0.07556915918713372,0.06415393790632225,Computers and Communications Grantee,0.10035979999999993
91,South Carolina,SC,40072000,18242.0,14516.0,79.57460804736323,0.04552305849470953,0.03622479536833699,Computers and Communications Grantee,0.028368299999999996
92,South Dakota,SD,7770970,2284.0,1888.0,82.66199649737302,0.029391440193437885,0.024295551263227112,Computers and Communications Grantee,0.033630099999999996
93,Tennessee,TN,57688840,24000.0,19547.0,81.44583333333333,0.04160250058763532,0.03388350329110448,Computers and Communications Grantee,0.03129569999999998
94,Texas,TX,207811640,160106.0,131476.0,82.11809676089591,0.07704380755572691,0.06326690843689026,Computers and Communications Grantee,0.18549443999999993
95,Utah,UT,22153580,23764.0,18344.0,77.19239185322337,0.10726934427753888,0.08280377257310105,Computers and Communications Grantee,0.17689159999999995
96,Vermont,VT,6438820,9426.0,8402.0,89.13643114788881,0.14639328324133927,0.13048974812155023,Computers and Communications Grantee,0.3685429000000005
97,Virginia,VA,75175850,38807.0,30907.0,79.64284793980467,0.05162163114883304,0.041112937199911936,Computers and Communications Grantee,0.11053569999999997
98,Washington,WA,63082250,100850.0,82177.0,81.48438274665345,0.159870645070523,0.13026960832880882,Computers and Communications Grantee,0.5753483000000008
99,West Virginia,WV,16979390,3613.0,2906.0,80.43177414890673,0.021278738517697043,0.017114866906290507,Computers and Communications Grantee,0.012139799999999997
100,Wisconsin,WI,56197100,53314.0,46160.0,86.58138575233522,0.094869664092987,0.08213946983029373,Computers and Communications Grantee,0.06912049999999996
101,Wyoming,WY,5375670,1922.0,1516.0,78.87617065556711,0.03575368279674906,0.02820113585841393,Computers and Communications Grantee,0.030157799999999995
102,Alabama,AL,42178180,10572.0,8992.0,85.0548618993568,0.025065092898745277,0.02131908014997328,Drugs and Medical Grantee,0.031052399999999977
103,Alaska,AK,6408880,1035.0,847.0,81.83574879227054,0.01614946761368601,0.01321603774762517,Drugs and Medical Grantee,0.011007599999999996
104,Arizona,AZ,49827590,42810.0,35747.0,83.5015183368372,0.08591625643544068,0.07174137862176357,Drugs and Medical Grantee,0.05040489999999995
105,Arkansas,AR,25234430,4843.0,3932.0,81.18934544703697,0.019192032473093312,0.015581885542887239,Drugs and Medical Grantee,0.02105920000000001
106,California,CA,325561500,522238.0,444906.0,85.19219206568653,0.16041147371541167,0.13665805078303178,Drugs and Medical Grantee,0.18897414000000023
107,Colorado,CO,46262210,53910.0,44420.0,82.39658690409942,0.11653139787312365,0.09601789451909021,Drugs and Medical Grantee,0.09377749999999987
108,Connecticut,CT,34732300,52248.0,41252.0,78.95421834328586,0.15043057902874268,0.11877128782142271,Drugs and Medical Grantee,0.1977131
109,Delaware,DE,8317030,11101.0,8621.0,77.65967029997297,0.13347312682532106,0.10365479023160913,Drugs and Medical Grantee,0.2081413000000004
110,District of Columbia,DC,5283940,2728.0,1871.0,68.58504398826979,0.05162814112196581,0.03540918329882625,Drugs and Medical Grantee,0.07946890000000009
111,Florida,FL,169018300,67087.0,54657.0,81.47182017380416,0.03969215167825023,0.032337918438417615,Drugs and Medical Grantee,0.04270116999999995
112,Georgia,GA,82197590,44126.0,34957.0,79.22086751575034,0.05368283911973575,0.04252801085773926,Drugs and Medical Grantee,0.04757841
113,Hawaii,HI,12794030,2674.0,1996.0,74.64472700074795,0.02090037306462467,0.015601026416226944,Drugs and Medical Grantee,0.02641010000000001
114,Idaho,ID,13437930,15340.0,13402.0,87.36636245110822,0.1141544865913128,0.09973262250956806,Drugs and Medical Grantee,0.028715099999999993
115,Illinois,IL,121544440,104432.0,85496.0,81.86762678106328,0.08592083685605034,0.07034135004447756,Drugs and Medical Grantee,0.06810539
116,Indiana,IN,61772650,41912.0,34439.0,82.16978430998282,0.06784879716185076,0.055751210284810504,Drugs and Medical Grantee,0.09865689999999994
117,Iowa,IA,29443520,17662.0,15792.0,89.41229758804212,0.059986034278510174,0.05363489148036647,Drugs and Medical Grantee,0.0749487
118,Kansas,KS,26810170,12402.0,11316.0,91.24334784712144,0.04625856531308828,0.042207863657709,Drugs and Medical Grantee,0.03232759999999998
119,Kentucky,KY,39051410,14431.0,11826.0,81.94858291178713,0.036953851346212596,0.030283157509549588,Drugs and Medical Grantee,0.026399699999999977
120,Louisiana,LA,39131630,9137.0,7635.0,83.56134398599102,0.023349397916723632,0.019511070711851257,Drugs and Medical Grantee,0.01916089999999999
121,Maine,ME,13310980,4895.0,3779.0,77.20122574055158,0.03677415186560268,0.028390095995937187,Drugs and Medical Grantee,0.034576799999999984
122,Maryland,MD,54919690,46140.0,35096.0,76.06415257910707,0.08401358419903682,0.06390422087233195,Drugs and Medical Grantee,0.16128630000000013
123,Massachusetts,MA,63522480,133595.0,104002.0,77.84872188330402,0.21031137323353874,0.16372471603753508,Drugs and Medical Grantee,0.34062440000000066
124,Michigan,MI,96932190,105860.0,88904.0,83.98261855280559,0.10921036654593277,0.09171772555639153,Drugs and Medical Grantee,0.05222141999999999
125,Minnesota,MN,51704680,84097.0,67370.0,80.10987312270355,0.16264871961300215,0.13029768291767788,Drugs and Medical Grantee,0.23941340000000016
126,Mississippi,MS,25023530,4160.0,3393.0,81.5625,0.01662435315880693,0.013559238045151903,Drugs and Medical Grantee,0.019457300000000004
127,Missouri,MO,55837550,25478.0,17732.0,69.59729963105424,0.04562879281057281,0.0317564076504073,Drugs and Medical Grantee,0.054109199999999975
128,Montana,MT,9482230,3532.0,2733.0,77.37825594563986,0.037248621895904235,0.02882233398683643,Drugs and Medical Grantee,0.04099619999999998
129,Nebraska,NE,17392120,5732.0,4918.0,85.79902302861132,0.03295745429539355,0.02827717380054875,Drugs and Medical Grantee,0.03806549999999996
130,Nevada,NV,22791100,11026.0,8515.0,77.22655541447487,0.04837853372588422,0.0373610751565304,Drugs and Medical Grantee,0.024510400000000005
131,New Hampshire,NH,13735650,18961.0,15646.0,82.51674489742102,0.13804224772762846,0.11390796940807316,Drugs and Medical Grantee,0.10234689999999995
132,New Jersey,NJ,86379550,102578.0,82078.0,80.01520793932421,0.11875264457849109,0.09502017549292628,Drugs and Medical Grantee,0.1955834
133,New Mexico,NM,17174440,10085.0,9128.0,90.5106593951413,0.058720983042241846,0.053148748954842194,Drugs and Medical Grantee,0.04050450000000001
134,New York,NY,176144920,156411.0,129000.0,82.47501774171894,0.08879677029573149,0.07323515205547795,Drugs and Medical Grantee,0.07311292
135,North Carolina,NC,83243880,62320.0,50293.0,80.70121951219512,0.07486436240117592,0.06041645343777825,Drugs and Medical Grantee,0.07500408000000001
136,North Dakota,ND,6551100,2295.0,1878.0,81.83006535947712,0.035032284654485504,0.028666941429683564,Drugs and Medical Grantee,0.013563000000000002
137,Ohio,OH,112500330,89188.0,75749.0,84.9318293940889,0.07927798967345251,0.0673322469365201,Drugs and Medical Grantee,0.06579071000000002
138,Oklahoma,OK,32869340,12127.0,10490.0,86.50119567906324,0.03689456496540545,0.031914239835664486,Drugs and Medical Grantee,0.0224817
139,Oregon,OR,35467090,41836.0,35845.0,85.67979730375754,0.11795723866829784,0.10106552299610709,Drugs and Medical Grantee,0.055229500000000036
140,Pennsylvania,PA,123951460,97902.0,77870.0,79.53872239586526,0.07898414427712266,0.0628229792533303,Drugs and Medical Grantee,0.11049508000000004
141,Rhode Island,RI,10144350,7666.0,6508.0,84.89433863814246,0.07556915918713372,0.06415393790632225,Drugs and Medical Grantee,0.07858260000000002
142,South Carolina,SC,40072000,18242.0,14516.0,79.57460804736323,0.04552305849470953,0.03622479536833699,Drugs and Medical Grantee,0.023568099999999974
143,South Dakota,SD,7770970,2284.0,1888.0,82.66199649737302,0.029391440193437885,0.024295551263227112,Drugs and Medical Grantee,0.02385499999999999
144,Tennessee,TN,57688840,24000.0,19547.0,81.44583333333333,0.04160250058763532,0.03388350329110448,Drugs and Medical Grantee,0.051780399999999976
145,Texas,TX,207811640,160106.0,131476.0,82.11809676089591,0.07704380755572691,0.06326690843689026,Drugs and Medical Grantee,0.042541389999999936
146,Utah,UT,22153580,23764.0,18344.0,77.19239185322337,0.10726934427753888,0.08280377257310105,Drugs and Medical Grantee,0.14093110000000006
147,Vermont,VT,6438820,9426.0,8402.0,89.13643114788881,0.14639328324133927,0.13048974812155023,Drugs and Medical Grantee,0.05327249999999998
148,Virginia,VA,75175850,38807.0,30907.0,79.64284793980467,0.05162163114883304,0.041112937199911936,Drugs and Medical Grantee,0.03706206
149,Washington,WA,63082250,100850.0,82177.0,81.48438274665345,0.159870645070523,0.13026960832880882,Drugs and Medical Grantee,0.10418410000000006
150,West Virginia,WV,16979390,3613.0,2906.0,80.43177414890673,0.021278738517697043,0.017114866906290507,Drugs and Medical Grantee,0.014131600000000003
151,Wisconsin,WI,56197100,53314.0,46160.0,86.58138575233522,0.094869664092987,0.08213946983029373,Drugs and Medical Grantee,0.10220840000000009
152,Wyoming,WY,5375670,1922.0,1516.0,78.87617065556711,0.03575368279674906,0.02820113585841393,Drugs and Medical Grantee,0.023240700000000006
153,Alabama,AL,42178180,10572.0,8992.0,85.0548618993568,0.025065092898745277,0.02131908014997328,Electrical and Electronic Grantee,0.024912700000000003
154,Alaska,AK,6408880,1035.0,847.0,81.83574879227054,0.01614946761368601,0.01321603774762517,Electrical and Electronic Grantee,0.009565299999999999
155,Arizona,AZ,49827590,42810.0,35747.0,83.5015183368372,0.08591625643544068,0.07174137862176357,Electrical and Electronic Grantee,0.17858189999999996
156,Arkansas,AR,25234430,4843.0,3932.0,81.18934544703697,0.019192032473093312,0.015581885542887239,Electrical and Electronic Grantee,0.013732099999999994
157,California,CA,325561500,522238.0,444906.0,85.19219206568653,0.16041147371541167,0.13665805078303178,Electrical and Electronic Grantee,0.23297760999999986
158,Colorado,CO,46262210,53910.0,44420.0,82.39658690409942,0.11653139787312365,0.09601789451909021,Electrical and Electronic Grantee,0.1369283999999999
159,Connecticut,CT,34732300,52248.0,41252.0,78.95421834328586,0.15043057902874268,0.11877128782142271,Electrical and Electronic Grantee,0.18251859999999995
160,Delaware,DE,8317030,11101.0,8621.0,77.65967029997297,0.13347312682532106,0.10365479023160913,Electrical and Electronic Grantee,0.0741138000000001
161,District of Columbia,DC,5283940,2728.0,1871.0,68.58504398826979,0.05162814112196581,0.03540918329882625,Electrical and Electronic Grantee,0.032071800000000004
162,Florida,FL,169018300,67087.0,54657.0,81.47182017380416,0.03969215167825023,0.032337918438417615,Electrical and Electronic Grantee,0.04470780999999997
163,Georgia,GA,82197590,44126.0,34957.0,79.22086751575034,0.05368283911973575,0.04252801085773926,Electrical and Electronic Grantee,0.04339128
164,Hawaii,HI,12794030,2674.0,1996.0,74.64472700074795,0.02090037306462467,0.015601026416226944,Electrical and Electronic Grantee,0.01854640000000001
165,Idaho,ID,13437930,15340.0,13402.0,87.36636245110822,0.1141544865913128,0.09973262250956806,Electrical and Electronic Grantee,0.32849339999999994
166,Illinois,IL,121544440,104432.0,85496.0,81.86762678106328,0.08592083685605034,0.07034135004447756,Electrical and Electronic Grantee,0.0889718999999999
167,Indiana,IN,61772650,41912.0,34439.0,82.16978430998282,0.06784879716185076,0.055751210284810504,Electrical and Electronic Grantee,0.07889009999999996
168,Iowa,IA,29443520,17662.0,15792.0,89.41229758804212,0.059986034278510174,0.05363489148036647,Electrical and Electronic Grantee,0.05132769999999997
169,Kansas,KS,26810170,12402.0,11316.0,91.24334784712144,0.04625856531308828,0.042207863657709,Electrical and Electronic Grantee,0.03065039999999999
170,Kentucky,KY,39051410,14431.0,11826.0,81.94858291178713,0.036953851346212596,0.030283157509549588,Electrical and Electronic Grantee,0.027240200000000013
171,Louisiana,LA,39131630,9137.0,7635.0,83.56134398599102,0.023349397916723632,0.019511070711851257,Electrical and Electronic Grantee,0.010436100000000007
172,Maine,ME,13310980,4895.0,3779.0,77.20122574055158,0.03677415186560268,0.028390095995937187,Electrical and Electronic Grantee,0.05084940000000002
173,Maryland,MD,54919690,46140.0,35096.0,76.06415257910707,0.08401358419903682,0.06390422087233195,Electrical and Electronic Grantee,0.07599429999999997
174,Massachusetts,MA,63522480,133595.0,104002.0,77.84872188330402,0.21031137323353874,0.16372471603753508,Electrical and Electronic Grantee,0.24294159999999979
175,Michigan,MI,96932190,105860.0,88904.0,83.98261855280559,0.10921036654593277,0.09171772555639153,Electrical and Electronic Grantee,0.12610572999999997
176,Minnesota,MN,51704680,84097.0,67370.0,80.10987312270355,0.16264871961300215,0.13029768291767788,Electrical and Electronic Grantee,0.15154950000000006
177,Mississippi,MS,25023530,4160.0,3393.0,81.5625,0.01662435315880693,0.013559238045151903,Electrical and Electronic Grantee,0.015780100000000005
178,Missouri,MO,55837550,25478.0,17732.0,69.59729963105424,0.04562879281057281,0.0317564076504073,Electrical and Electronic Grantee,0.03066899999999999
179,Montana,MT,9482230,3532.0,2733.0,77.37825594563986,0.037248621895904235,0.02882233398683643,Electrical and Electronic Grantee,0.031901300000000014
180,Nebraska,NE,17392120,5732.0,4918.0,85.79902302861132,0.03295745429539355,0.02827717380054875,Electrical and Electronic Grantee,0.03543770000000001
181,Nevada,NV,22791100,11026.0,8515.0,77.22655541447487,0.04837853372588422,0.0373610751565304,Electrical and Electronic Grantee,0.04284290000000003
182,New Hampshire,NH,13735650,18961.0,15646.0,82.51674489742102,0.13804224772762846,0.11390796940807316,Electrical and Electronic Grantee,0.2023258000000005
183,New Jersey,NJ,86379550,102578.0,82078.0,80.01520793932421,0.11875264457849109,0.09502017549292628,Electrical and Electronic Grantee,0.08596079999999989
184,New Mexico,NM,17174440,10085.0,9128.0,90.5106593951413,0.058720983042241846,0.053148748954842194,Electrical and Electronic Grantee,0.14524040000000007
185,New York,NY,176144920,156411.0,129000.0,82.47501774171894,0.08879677029573149,0.07323515205547795,Electrical and Electronic Grantee,0.13621136999999992
186,North Carolina,NC,83243880,62320.0,50293.0,80.70121951219512,0.07486436240117592,0.06041645343777825,Electrical and Electronic Grantee,0.07606167999999996
187,North Dakota,ND,6551100,2295.0,1878.0,81.83006535947712,0.035032284654485504,0.028666941429683564,Electrical and Electronic Grantee,0.02819109999999999
188,Ohio,OH,112500330,89188.0,75749.0,84.9318293940889,0.07927798967345251,0.0673322469365201,Electrical and Electronic Grantee,0.08224992000000016
189,Oklahoma,OK,32869340,12127.0,10490.0,86.50119567906324,0.03689456496540545,0.031914239835664486,Electrical and Electronic Grantee,0.03127040000000002
190,Oregon,OR,35467090,41836.0,35845.0,85.67979730375754,0.11795723866829784,0.10106552299610709,Electrical and Electronic Grantee,0.19113829999999998
191,Pennsylvania,PA,123951460,97902.0,77870.0,79.53872239586526,0.07898414427712266,0.0628229792533303,Electrical and Electronic Grantee,0.08543044000000005
192,Rhode Island,RI,10144350,7666.0,6508.0,84.89433863814246,0.07556915918713372,0.06415393790632225,Electrical and Electronic Grantee,0.08652240000000004
193,South Carolina,SC,40072000,18242.0,14516.0,79.57460804736323,0.04552305849470953,0.03622479536833699,Electrical and Electronic Grantee,0.05276140000000001
194,South Dakota,SD,7770970,2284.0,1888.0,82.66199649737302,0.029391440193437885,0.024295551263227112,Electrical and Electronic Grantee,0.0265669
195,Tennessee,TN,57688840,24000.0,19547.0,81.44583333333333,0.04160250058763532,0.03388350329110448,Electrical and Electronic Grantee,0.04663819999999996
196,Texas,TX,207811640,160106.0,131476.0,82.11809676089591,0.07704380755572691,0.06326690843689026,Electrical and Electronic Grantee,0.09974627000000012
197,Utah,UT,22153580,23764.0,18344.0,77.19239185322337,0.10726934427753888,0.08280377257310105,Electrical and Electronic Grantee,0.08858810000000004
198,Vermont,VT,6438820,9426.0,8402.0,89.13643114788881,0.14639328324133927,0.13048974812155023,Electrical and Electronic Grantee,0.45333570000000034
199,Virginia,VA,75175850,38807.0,30907.0,79.64284793980467,0.05162163114883304,0.041112937199911936,Electrical and Electronic Grantee,0.05778190000000002
200,Washington,WA,63082250,100850.0,82177.0,81.48438274665345,0.159870645070523,0.13026960832880882,Electrical and Electronic Grantee,0.11302489999999996
201,West Virginia,WV,16979390,3613.0,2906.0,80.43177414890673,0.021278738517697043,0.017114866906290507,Electrical and Electronic Grantee,0.013789400000000004
202,Wisconsin,WI,56197100,53314.0,46160.0,86.58138575233522,0.094869664092987,0.08213946983029373,Electrical and Electronic Grantee,0.11370109999999999
203,Wyoming,WY,5375670,1922.0,1516.0,78.87617065556711,0.03575368279674906,0.02820113585841393,Electrical and Electronic Grantee,0.029583200000000004
204,Alabama,AL,42178180,10572.0,8992.0,85.0548618993568,0.025065092898745277,0.02131908014997328,Mechanical Grantee,0.02867990000000003
205,Alaska,AK,6408880,1035.0,847.0,81.83574879227054,0.01614946761368601,0.01321603774762517,Mechanical Grantee,0.022708500000000003
206,Arizona,AZ,49827590,42810.0,35747.0,83.5015183368372,0.08591625643544068,0.07174137862176357,Mechanical Grantee,0.09558549999999996
207,Arkansas,AR,25234430,4843.0,3932.0,81.18934544703697,0.019192032473093312,0.015581885542887239,Mechanical Grantee,0.028404199999999998
208,California,CA,325561500,522238.0,444906.0,85.19219206568653,0.16041147371541167,0.13665805078303178,Mechanical Grantee,0.10257569999999992
209,Colorado,CO,46262210,53910.0,44420.0,82.39658690409942,0.11653139787312365,0.09601789451909021,Mechanical Grantee,0.08961199999999984
210,Connecticut,CT,34732300,52248.0,41252.0,78.95421834328586,0.15043057902874268,0.11877128782142271,Mechanical Grantee,0.18245500000000006
211,Delaware,DE,8317030,11101.0,8621.0,77.65967029997297,0.13347312682532106,0.10365479023160913,Mechanical Grantee,0.08302050000000007
212,District of Columbia,DC,5283940,2728.0,1871.0,68.58504398826979,0.05162814112196581,0.03540918329882625,Mechanical Grantee,0.020813900000000003
213,Florida,FL,169018300,67087.0,54657.0,81.47182017380416,0.03969215167825023,0.032337918438417615,Mechanical Grantee,0.04210576999999987
214,Georgia,GA,82197590,44126.0,34957.0,79.22086751575034,0.05368283911973575,0.04252801085773926,Mechanical Grantee,0.04648025999999996
215,Hawaii,HI,12794030,2674.0,1996.0,74.64472700074795,0.02090037306462467,0.015601026416226944,Mechanical Grantee,0.0180387
216,Idaho,ID,13437930,15340.0,13402.0,87.36636245110822,0.1141544865913128,0.09973262250956806,Mechanical Grantee,0.13464129999999996
217,Illinois,IL,121544440,104432.0,85496.0,81.86762678106328,0.08592083685605034,0.07034135004447756,Mechanical Grantee,0.10148618000000004
218,Indiana,IN,61772650,41912.0,34439.0,82.16978430998282,0.06784879716185076,0.055751210284810504,Mechanical Grantee,0.0967867000000001
219,Iowa,IA,29443520,17662.0,15792.0,89.41229758804212,0.059986034278510174,0.05363489148036647,Mechanical Grantee,0.09791480000000004
220,Kansas,KS,26810170,12402.0,11316.0,91.24334784712144,0.04625856531308828,0.042207863657709,Mechanical Grantee,0.0582095
221,Kentucky,KY,39051410,14431.0,11826.0,81.94858291178713,0.036953851346212596,0.030283157509549588,Mechanical Grantee,0.06108440000000009
222,Louisiana,LA,39131630,9137.0,7635.0,83.56134398599102,0.023349397916723632,0.019511070711851257,Mechanical Grantee,0.028347300000000013
223,Maine,ME,13310980,4895.0,3779.0,77.20122574055158,0.03677415186560268,0.028390095995937187,Mechanical Grantee,0.039046100000000014
224,Maryland,MD,54919690,46140.0,35096.0,76.06415257910707,0.08401358419903682,0.06390422087233195,Mechanical Grantee,0.062318799999999945
225,Massachusetts,MA,63522480,133595.0,104002.0,77.84872188330402,0.21031137323353874,0.16372471603753508,Mechanical Grantee,0.12315589999999997
226,Michigan,MI,96932190,105860.0,88904.0,83.98261855280559,0.10921036654593277,0.09171772555639153,Mechanical Grantee,0.28381400000000034
227,Minnesota,MN,51704680,84097.0,67370.0,80.10987312270355,0.16264871961300215,0.13029768291767788,Mechanical Grantee,0.15563169999999996
228,Mississippi,MS,25023530,4160.0,3393.0,81.5625,0.01662435315880693,0.013559238045151903,Mechanical Grantee,0.017073399999999996
229,Missouri,MO,55837550,25478.0,17732.0,69.59729963105424,0.04562879281057281,0.0317564076504073,Mechanical Grantee,0.041403700000000036
230,Montana,MT,9482230,3532.0,2733.0,77.37825594563986,0.037248621895904235,0.02882233398683643,Mechanical Grantee,0.047946000000000016
231,Nebraska,NE,17392120,5732.0,4918.0,85.79902302861132,0.03295745429539355,0.02827717380054875,Mechanical Grantee,0.046111300000000036
232,Nevada,NV,22791100,11026.0,8515.0,77.22655541447487,0.04837853372588422,0.0373610751565304,Mechanical Grantee,0.04467440000000003
233,New Hampshire,NH,13735650,18961.0,15646.0,82.51674489742102,0.13804224772762846,0.11390796940807316,Mechanical Grantee,0.1484451000000001
234,New Jersey,NJ,86379550,102578.0,82078.0,80.01520793932421,0.11875264457849109,0.09502017549292628,Mechanical Grantee,0.07514038999999993
235,New Mexico,NM,17174440,10085.0,9128.0,90.5106593951413,0.058720983042241846,0.053148748954842194,Mechanical Grantee,0.05939749999999997
236,New York,NY,176144920,156411.0,129000.0,82.47501774171894,0.08879677029573149,0.07323515205547795,Mechanical Grantee,0.10424970000000003
237,North Carolina,NC,83243880,62320.0,50293.0,80.70121951219512,0.07486436240117592,0.06041645343777825,Mechanical Grantee,0.05903053000000001
238,North Dakota,ND,6551100,2295.0,1878.0,81.83006535947712,0.035032284654485504,0.028666941429683564,Mechanical Grantee,0.08101829999999996
239,Ohio,OH,112500330,89188.0,75749.0,84.9318293940889,0.07927798967345251,0.0673322469365201,Mechanical Grantee,0.13147235999999987
240,Oklahoma,OK,32869340,12127.0,10490.0,86.50119567906324,0.03689456496540545,0.031914239835664486,Mechanical Grantee,0.04592349999999999
241,Oregon,OR,35467090,41836.0,35845.0,85.67979730375754,0.11795723866829784,0.10106552299610709,Mechanical Grantee,0.11111390000000003
242,Pennsylvania,PA,123951460,97902.0,77870.0,79.53872239586526,0.07898414427712266,0.0628229792533303,Mechanical Grantee,0.07318833000000009
243,Rhode Island,RI,10144350,7666.0,6508.0,84.89433863814246,0.07556915918713372,0.06415393790632225,Mechanical Grantee,0.08243910000000003
244,South Carolina,SC,40072000,18242.0,14516.0,79.57460804736323,0.04552305849470953,0.03622479536833699,Mechanical Grantee,0.06409079999999992
245,South Dakota,SD,7770970,2284.0,1888.0,82.66199649737302,0.029391440193437885,0.024295551263227112,Mechanical Grantee,0.05513150000000001
246,Tennessee,TN,57688840,24000.0,19547.0,81.44583333333333,0.04160250058763532,0.03388350329110448,Mechanical Grantee,0.0467936
247,Texas,TX,207811640,160106.0,131476.0,82.11809676089591,0.07704380755572691,0.06326690843689026,Mechanical Grantee,0.05239941999999995
248,Utah,UT,22153580,23764.0,18344.0,77.19239185322337,0.10726934427753888,0.08280377257310105,Mechanical Grantee,0.12466780000000004
249,Vermont,VT,6438820,9426.0,8402.0,89.13643114788881,0.14639328324133927,0.13048974812155023,Mechanical Grantee,0.11872329999999992
250,Virginia,VA,75175850,38807.0,30907.0,79.64284793980467,0.05162163114883304,0.041112937199911936,Mechanical Grantee,0.053187970000000015
251,Washington,WA,63082250,100850.0,82177.0,81.48438274665345,0.159870645070523,0.13026960832880882,Mechanical Grantee,0.1051528
252,West Virginia,WV,16979390,3613.0,2906.0,80.43177414890673,0.021278738517697043,0.017114866906290507,Mechanical Grantee,0.022420399999999983
253,Wisconsin,WI,56197100,53314.0,46160.0,86.58138575233522,0.094869664092987,0.08213946983029373,Mechanical Grantee,0.14179930000000024
254,Wyoming,WY,5375670,1922.0,1516.0,78.87617065556711,0.03575368279674906,0.02820113585841393,Mechanical Grantee,0.04262559999999999
255,Alabama,AL,42178180,10572.0,8992.0,85.0548618993568,0.025065092898745277,0.02131908014997328,Others Grantee,0.03599009999999998
256,Alaska,AK,6408880,1035.0,847.0,81.83574879227054,0.01614946761368601,0.01321603774762517,Others Grantee,0.0456163
257,Arizona,AZ,49827590,42810.0,35747.0,83.5015183368372,0.08591625643544068,0.07174137862176357,Others Grantee,0.07942489999999994
258,Arkansas,AR,25234430,4843.0,3932.0,81.18934544703697,0.019192032473093312,0.015581885542887239,Others Grantee,0.0335322
259,California,CA,325561500,522238.0,444906.0,85.19219206568653,0.16041147371541167,0.13665805078303178,Others Grantee,0.11795444999999992
260,Colorado,CO,46262210,53910.0,44420.0,82.39658690409942,0.11653139787312365,0.09601789451909021,Others Grantee,0.11274040000000005
261,Connecticut,CT,34732300,52248.0,41252.0,78.95421834328586,0.15043057902874268,0.11877128782142271,Others Grantee,0.14920709999999998
262,Delaware,DE,8317030,11101.0,8621.0,77.65967029997297,0.13347312682532106,0.10365479023160913,Others Grantee,0.1297952
263,District of Columbia,DC,5283940,2728.0,1871.0,68.58504398826979,0.05162814112196581,0.03540918329882625,Others Grantee,0.03818400000000001
264,Florida,FL,169018300,67087.0,54657.0,81.47182017380416,0.03969215167825023,0.032337918438417615,Others Grantee,0.056793349999999965
265,Georgia,GA,82197590,44126.0,34957.0,79.22086751575034,0.05368283911973575,0.04252801085773926,Others Grantee,0.07194056999999986
266,Hawaii,HI,12794030,2674.0,1996.0,74.64472700074795,0.02090037306462467,0.015601026416226944,Others Grantee,0.0269156
267,Idaho,ID,13437930,15340.0,13402.0,87.36636245110822,0.1141544865913128,0.09973262250956806,Others Grantee,0.10231549999999998
268,Illinois,IL,121544440,104432.0,85496.0,81.86762678106328,0.08592083685605034,0.07034135004447756,Others Grantee,0.1224619999999999
269,Indiana,IN,61772650,41912.0,34439.0,82.16978430998282,0.06784879716185076,0.055751210284810504,Others Grantee,0.08693049999999994
270,Iowa,IA,29443520,17662.0,15792.0,89.41229758804212,0.059986034278510174,0.05363489148036647,Others Grantee,0.12289840000000009
271,Kansas,KS,26810170,12402.0,11316.0,91.24334784712144,0.04625856531308828,0.042207863657709,Others Grantee,0.08180869999999994
272,Kentucky,KY,39051410,14431.0,11826.0,81.94858291178713,0.036953851346212596,0.030283157509549588,Others Grantee,0.052616399999999994
273,Louisiana,LA,39131630,9137.0,7635.0,83.56134398599102,0.023349397916723632,0.019511070711851257,Others Grantee,0.05959269999999995
274,Maine,ME,13310980,4895.0,3779.0,77.20122574055158,0.03677415186560268,0.028390095995937187,Others Grantee,0.05270190000000007
275,Maryland,MD,54919690,46140.0,35096.0,76.06415257910707,0.08401358419903682,0.06390422087233195,Others Grantee,0.059867899999999974
276,Massachusetts,MA,63522480,133595.0,104002.0,77.84872188330402,0.21031137323353874,0.16372471603753508,Others Grantee,0.1416031999999999
277,Michigan,MI,96932190,105860.0,88904.0,83.98261855280559,0.10921036654593277,0.09171772555639153,Others Grantee,0.14820350000000004
278,Minnesota,MN,51704680,84097.0,67370.0,80.10987312270355,0.16264871961300215,0.13029768291767788,Others Grantee,0.1974511
279,Mississippi,MS,25023530,4160.0,3393.0,81.5625,0.01662435315880693,0.013559238045151903,Others Grantee,0.031201300000000022
280,Missouri,MO,55837550,25478.0,17732.0,69.59729963105424,0.04562879281057281,0.0317564076504073,Others Grantee,0.0572828
281,Montana,MT,9482230,3532.0,2733.0,77.37825594563986,0.037248621895904235,0.02882233398683643,Others Grantee,0.06388000000000003
282,Nebraska,NE,17392120,5732.0,4918.0,85.79902302861132,0.03295745429539355,0.02827717380054875,Others Grantee,0.056149799999999986
283,Nevada,NV,22791100,11026.0,8515.0,77.22655541447487,0.04837853372588422,0.0373610751565304,Others Grantee,0.13597259999999983
284,New Hampshire,NH,13735650,18961.0,15646.0,82.51674489742102,0.13804224772762846,0.11390796940807316,Others Grantee,0.1531115999999999
285,New Jersey,NJ,86379550,102578.0,82078.0,80.01520793932421,0.11875264457849109,0.09502017549292628,Others Grantee,0.09656892999999994
286,New Mexico,NM,17174440,10085.0,9128.0,90.5106593951413,0.058720983042241846,0.053148748954842194,Others Grantee,0.0619493
287,New York,NY,176144920,156411.0,129000.0,82.47501774171894,0.08879677029573149,0.07323515205547795,Others Grantee,0.08976699000000006
288,North Carolina,NC,83243880,62320.0,50293.0,80.70121951219512,0.07486436240117592,0.06041645343777825,Others Grantee,0.07814912999999997
289,North Dakota,ND,6551100,2295.0,1878.0,81.83006535947712,0.035032284654485504,0.028666941429683564,Others Grantee,0.06285410000000002
290,Ohio,OH,112500330,89188.0,75749.0,84.9318293940889,0.07927798967345251,0.0673322469365201,Others Grantee,0.12218021
291,Oklahoma,OK,32869340,12127.0,10490.0,86.50119567906324,0.03689456496540545,0.031914239835664486,Others Grantee,0.09773520000000012
292,Oregon,OR,35467090,41836.0,35845.0,85.67979730375754,0.11795723866829784,0.10106552299610709,Others Grantee,0.10257670000000003
293,Pennsylvania,PA,123951460,97902.0,77870.0,79.53872239586526,0.07898414427712266,0.0628229792533303,Others Grantee,0.09142092000000004
294,Rhode Island,RI,10144350,7666.0,6508.0,84.89433863814246,0.07556915918713372,0.06415393790632225,Others Grantee,0.12218650000000002
295,South Carolina,SC,40072000,18242.0,14516.0,79.57460804736323,0.04552305849470953,0.03622479536833699,Others Grantee,0.08206879999999975
296,South Dakota,SD,7770970,2284.0,1888.0,82.66199649737302,0.029391440193437885,0.024295551263227112,Others Grantee,0.0633301
297,Tennessee,TN,57688840,24000.0,19547.0,81.44583333333333,0.04160250058763532,0.03388350329110448,Others Grantee,0.06421380000000002
298,Texas,TX,207811640,160106.0,131476.0,82.11809676089591,0.07704380755572691,0.06326690843689026,Others Grantee,0.11181344999999993
299,Utah,UT,22153580,23764.0,18344.0,77.19239185322337,0.10726934427753888,0.08280377257310105,Others Grantee,0.14592180000000002
300,Vermont,VT,6438820,9426.0,8402.0,89.13643114788881,0.14639328324133927,0.13048974812155023,Others Grantee,0.10125640000000001
301,Virginia,VA,75175850,38807.0,30907.0,79.64284793980467,0.05162163114883304,0.041112937199911936,Others Grantee,0.057442840000000085
302,Washington,WA,63082250,100850.0,82177.0,81.48438274665345,0.159870645070523,0.13026960832880882,Others Grantee,0.13108340000000007
303,West Virginia,WV,16979390,3613.0,2906.0,80.43177414890673,0.021278738517697043,0.017114866906290507,Others Grantee,0.029168500000000017
304,Wisconsin,WI,56197100,53314.0,46160.0,86.58138575233522,0.094869664092987,0.08213946983029373,Others Grantee,0.16327710000000023
305,Wyoming,WY,5375670,1922.0,1516.0,78.87617065556711,0.03575368279674906,0.02820113585841393,Others Grantee,0.08171459999999998
306,Alabama,AL,42178180,10572.0,8992.0,85.0548618993568,0.025065092898745277,0.02131908014997328,Design and Plant Grantee,0.015918200000000007
307,Alaska,AK,6408880,1035.0,847.0,81.83574879227054,0.01614946761368601,0.01321603774762517,Design and Plant Grantee,0.018800499999999994
308,Arizona,AZ,49827590,42810.0,35747.0,83.5015183368372,0.08591625643544068,0.07174137862176357,Design and Plant Grantee,0.034863199999999976
309,Arkansas,AR,25234430,4843.0,3932.0,81.18934544703697,0.019192032473093312,0.015581885542887239,Design and Plant Grantee,0.020980500000000003
310,California,CA,325561500,522238.0,444906.0,85.19219206568653,0.16041147371541167,0.13665805078303178,Design and Plant Grantee,0.06464264999999995
311,Colorado,CO,46262210,53910.0,44420.0,82.39658690409942,0.11653139787312365,0.09601789451909021,Design and Plant Grantee,0.04991440000000002
312,Connecticut,CT,34732300,52248.0,41252.0,78.95421834328586,0.15043057902874268,0.11877128782142271,Design and Plant Grantee,0.07157189999999997
313,Delaware,DE,8317030,11101.0,8621.0,77.65967029997297,0.13347312682532106,0.10365479023160913,Design and Plant Grantee,0.0320758
314,District of Columbia,DC,5283940,2728.0,1871.0,68.58504398826979,0.05162814112196581,0.03540918329882625,Design and Plant Grantee,0.013036099999999993
315,Florida,FL,169018300,67087.0,54657.0,81.47182017380416,0.03969215167825023,0.032337918438417615,Design and Plant Grantee,0.030766870000000005
316,Georgia,GA,82197590,44126.0,34957.0,79.22086751575034,0.05368283911973575,0.04252801085773926,Design and Plant Grantee,0.032699619999999964
317,Hawaii,HI,12794030,2674.0,1996.0,74.64472700074795,0.02090037306462467,0.015601026416226944,Design and Plant Grantee,0.0147288
318,Idaho,ID,13437930,15340.0,13402.0,87.36636245110822,0.1141544865913128,0.09973262250956806,Design and Plant Grantee,0.03354120000000001
319,Illinois,IL,121544440,104432.0,85496.0,81.86762678106328,0.08592083685605034,0.07034135004447756,Design and Plant Grantee,0.061412819999999944
320,Indiana,IN,61772650,41912.0,34439.0,82.16978430998282,0.06784879716185076,0.055751210284810504,Design and Plant Grantee,0.03631409999999999
321,Iowa,IA,29443520,17662.0,15792.0,89.41229758804212,0.059986034278510174,0.05363489148036647,Design and Plant Grantee,0.030974899999999965
322,Kansas,KS,26810170,12402.0,11316.0,91.24334784712144,0.04625856531308828,0.042207863657709,Design and Plant Grantee,0.038979100000000017
323,Kentucky,KY,39051410,14431.0,11826.0,81.94858291178713,0.036953851346212596,0.030283157509549588,Design and Plant Grantee,0.021422299999999995
324,Louisiana,LA,39131630,9137.0,7635.0,83.56134398599102,0.023349397916723632,0.019511070711851257,Design and Plant Grantee,0.011701100000000006
325,Maine,ME,13310980,4895.0,3779.0,77.20122574055158,0.03677415186560268,0.028390095995937187,Design and Plant Grantee,0.0140534
326,Maryland,MD,54919690,46140.0,35096.0,76.06415257910707,0.08401358419903682,0.06390422087233195,Design and Plant Grantee,0.024781999999999988
327,Massachusetts,MA,63522480,133595.0,104002.0,77.84872188330402,0.21031137323353874,0.16372471603753508,Design and Plant Grantee,0.058683699999999984
328,Michigan,MI,96932190,105860.0,88904.0,83.98261855280559,0.10921036654593277,0.09171772555639153,Design and Plant Grantee,0.04889433999999996
329,Minnesota,MN,51704680,84097.0,67370.0,80.10987312270355,0.16264871961300215,0.13029768291767788,Design and Plant Grantee,0.07369939999999993
330,Mississippi,MS,25023530,4160.0,3393.0,81.5625,0.01662435315880693,0.013559238045151903,Design and Plant Grantee,0.012256899999999994
331,Missouri,MO,55837550,25478.0,17732.0,69.59729963105424,0.04562879281057281,0.0317564076504073,Design and Plant Grantee,0.025728500000000005
332,Montana,MT,9482230,3532.0,2733.0,77.37825594563986,0.037248621895904235,0.02882233398683643,Design and Plant Grantee,0.02425339999999999
333,Nebraska,NE,17392120,5732.0,4918.0,85.79902302861132,0.03295745429539355,0.02827717380054875,Design and Plant Grantee,0.01686099999999999
334,Nevada,NV,22791100,11026.0,8515.0,77.22655541447487,0.04837853372588422,0.0373610751565304,Design and Plant Grantee,0.03786299999999996
335,New Hampshire,NH,13735650,18961.0,15646.0,82.51674489742102,0.13804224772762846,0.11390796940807316,Design and Plant Grantee,0.049732299999999986
336,New Jersey,NJ,86379550,102578.0,82078.0,80.01520793932421,0.11875264457849109,0.09502017549292628,Design and Plant Grantee,0.04750050999999998
337,New Mexico,NM,17174440,10085.0,9128.0,90.5106593951413,0.058720983042241846,0.053148748954842194,Design and Plant Grantee,0.012058799999999996
338,New York,NY,176144920,156411.0,129000.0,82.47501774171894,0.08879677029573149,0.07323515205547795,Design and Plant Grantee,0.04065183000000002
339,North Carolina,NC,83243880,62320.0,50293.0,80.70121951219512,0.07486436240117592,0.06041645343777825,Design and Plant Grantee,0.03445313999999999
340,North Dakota,ND,6551100,2295.0,1878.0,81.83006535947712,0.035032284654485504,0.028666941429683564,Design and Plant Grantee,0.025140700000000005
341,Ohio,OH,112500330,89188.0,75749.0,84.9318293940889,0.07927798967345251,0.0673322469365201,Design and Plant Grantee,0.06764980999999998
342,Oklahoma,OK,32869340,12127.0,10490.0,86.50119567906324,0.03689456496540545,0.031914239835664486,Design and Plant Grantee,0.018790100000000004
343,Oregon,OR,35467090,41836.0,35845.0,85.67979730375754,0.11795723866829784,0.10106552299610709,Design and Plant Grantee,0.06811349999999997
344,Pennsylvania,PA,123951460,97902.0,77870.0,79.53872239586526,0.07898414427712266,0.0628229792533303,Design and Plant Grantee,0.03382388999999997
345,Rhode Island,RI,10144350,7666.0,6508.0,84.89433863814246,0.07556915918713372,0.06415393790632225,Design and Plant Grantee,0.0763207
346,South Carolina,SC,40072000,18242.0,14516.0,79.57460804736323,0.04552305849470953,0.03622479536833699,Design and Plant Grantee,0.027043399999999957
347,South Dakota,SD,7770970,2284.0,1888.0,82.66199649737302,0.029391440193437885,0.024295551263227112,Design and Plant Grantee,0.016396900000000002
348,Tennessee,TN,57688840,24000.0,19547.0,81.44583333333333,0.04160250058763532,0.03388350329110448,Design and Plant Grantee,0.026785100000000027
349,Texas,TX,207811640,160106.0,131476.0,82.11809676089591,0.07704380755572691,0.06326690843689026,Design and Plant Grantee,0.02206958
350,Utah,UT,22153580,23764.0,18344.0,77.19239185322337,0.10726934427753888,0.08280377257310105,Design and Plant Grantee,0.05477750000000004
351,Vermont,VT,6438820,9426.0,8402.0,89.13643114788881,0.14639328324133927,0.13048974812155023,Design and Plant Grantee,0.03371579999999999
352,Virginia,VA,75175850,38807.0,30907.0,79.64284793980467,0.05162163114883304,0.041112937199911936,Design and Plant Grantee,0.019423559999999992
353,Washington,WA,63082250,100850.0,82177.0,81.48438274665345,0.159870645070523,0.13026960832880882,Design and Plant Grantee,0.05465130000000004
354,West Virginia,WV,16979390,3613.0,2906.0,80.43177414890673,0.021278738517697043,0.017114866906290507,Design and Plant Grantee,0.007869399999999997
355,Wisconsin,WI,56197100,53314.0,46160.0,86.58138575233522,0.094869664092987,0.08213946983029373,Design and Plant Grantee,0.08708480000000007
356,Wyoming,WY,5375670,1922.0,1516.0,78.87617065556711,0.03575368279674906,0.02820113585841393,Design and Plant Grantee,0.02123749999999999
